orig_id,taxon,x1,y1,x2,y2
00928d7bbdb5cb733b6f3eae9460acd4,Arthracanthida,5,2,6,18
0443402af96d7c211946132bcc8a8d19,Arthracanthida,6,2,7,17
0448003ed179d7907bb424e067bb7134,Arthracanthida,7,3,5,17
05357fd0f8e66385312ed71dd4d670f2,Arthracanthida,5,3,6,20
05db7b2a3a66b9965821c94f2533f88e,Arthracanthida,6,2,6,17
063467ca5d96e7ccd27faaf5cfac1df9,Arthracanthida,11,5,8,24
09b349a0b60df557baa02ebcd46bd906,Arthracanthida,5,2,7,18
0c8a5ce55385ee38499c70d3bf0c34c4,Arthracanthida,9,3,5,19
0ec4f88f4fe29c489494ae2469ff616b,Arthracanthida,6,3,6,16
0ed619c78e441ba98b6cd0c894609617,Arthracanthida,7,2,4,16
0edf62b672c44d2a55982de04bffcc0d,Arthracanthida,6,2,5,16
0efd132b6f4ae9d274c17b48cb9281ad,Arthracanthida,9,3,9,20
1069d4b706e380c4b7ce3c2837beeb84,Arthracanthida,11,4,9,19
11e507e406c6e7feb005eb10f629bbc5,Arthracanthida,5,3,7,16
12203c516a49217331fce27416e4394d,Arthracanthida,6,2,5,15
12afc3fddd3805771fafd21c6d7d106f,Arthracanthida,7,3,7,18
12e746c8acc122dbaf368f90dec9a06a,Arthracanthida,7,3,7,18
1390901d17a6af0cb967d4c2dbc724e5,Arthracanthida,5,3,7,18
144d0a9e6e35de8594f7c707df667743,Arthracanthida,7,2,4,15
188a62ea30e4925110c881a6a3ed6a37,Arthracanthida,6,2,5,14
1a9c73d7b7ae8493ddb3666adb9bcd3c,Arthracanthida,7,2,5,15
1bada253ac4715ed8ec4880c1cda7284,Arthracanthida,8,3,4,12
1f97c5f2bd3d222dd24db478b0ef3391,Arthracanthida,5,3,8,21
1ff43528486bc47918aa92e49c4cd180,Arthracanthida,6,2,6,18
201098e954671c4cc23afc50ae307e4b,Arthracanthida,8,2,3,18
21438be503e60a2ee960503d11b45ffe,Arthracanthida,7,2,4,17
21d2def1a25ba6354891e819931a1e88,Arthracanthida,7,3,5,21
25ab556d8707b2a03095268cdf37e9f0,Arthracanthida,6,2,6,18
2637894054e27ce60f3e5fe6fe466ca7,Arthracanthida,9,5,5,21
26a3ad62d9eb0793ee526730941a7d8d,Arthracanthida,9,2,9,16
29e9844d630c2a8cdea847cc73a0e4dc,Arthracanthida,8,3,7,22
2cceee2695449347e74d34f0d749719b,Arthracanthida,9,3,8,25
2e8e6a6a274cd80cee092b2348ed79f9,Arthracanthida,5,3,6,18
30514c625f19a2d100dbaec6912603cb,Arthracanthida,7,2,5,16
33e024b06966fff999465a2ce657e5b0,Arthracanthida,7,3,4,15
349ce502eea019f6cfd8b90ca64e9156,Arthracanthida,7,3,6,19
36547f236f161a249c4d7ba371f039a1,Arthracanthida,9,2,6,15
366f051ea1399fbca0be575406bdb0d9,Arthracanthida,5,2,6,16
3825eb9f76a60e2067576fff06347735,Arthracanthida,6,3,6,19
3c22f4d10a7ecd042a06f727297ae035,Arthracanthida,12,3,10,22
3c4bc8c857eb711d5db2a37449c973ee,Arthracanthida,9,2,7,21
3cb2ef5b6df03c45ada95d6863f22c03,Arthracanthida,9,4,7,23
3d8920a7c317dd963bb553cc12c9d425,Arthracanthida,6,3,6,20
3dfcf87e58254e12acb431db6d50ab40,Arthracanthida,7,3,7,23
40b385337b03fbf73b04b0850f2f8866,Arthracanthida,7,2,6,21
41f842cb99ecd196416ee23813cbdd14,Arthracanthida,7,2,6,16
43915b5a04ad44f88dbbbcbab7413805,Arthracanthida,6,2,5,14
4450fb2be925176ad055698888d77077,Arthracanthida,6,2,7,20
45a87fe38c890f36968529b3a98b6208,Arthracanthida,7,3,5,17
468980b0095638fa01780a46563bc2e8,Arthracanthida,9,3,4,17
47c8b51963fb24e4b98dc967566d003f,Arthracanthida,10,4,8,27
4887064680dd72bdc20726e465531c94,Arthracanthida,6,2,10,23
48c5e0e03c0a145ec86692aceaaefb7c,Arthracanthida,4,2,8,18
4a18dd668dcabb42d9d8971cc93131dd,Arthracanthida,9,2,6,20
4b4d35ae13e59c23058ac100ecb7c603,Arthracanthida,8,3,4,16
4c3737ef33cf1066536055b546623326,Arthracanthida,11,3,8,17
4c509a65dfea678f12ea7e9ac91e19a1,Arthracanthida,7,3,5,20
4c6f606889ffd97ea0f8b6f2196feabe,Arthracanthida,10,2,7,27
4cbd032a154c5d9a41b491ed4d139948,Arthracanthida,11,3,9,17
4cc0366c2a1b7693bc1f9d3b384ccfbe,Arthracanthida,6,3,9,18
4dea6f0c071986c8899f7ccc2471e69a,Arthracanthida,10,2,4,16
4f9a7fad7c039282201cd16bc90ec8c9,Arthracanthida,9,3,4,16
5020847d84afee9e1960f84e21f45a74,Arthracanthida,10,3,9,24
50941db1f3e26720aa19314b8ddc39d6,Arthracanthida,6,2,4,15
541830e7b5e1fb7b41714d2ac3793f60,Arthracanthida,8,3,4,17
564dc13df2d1f979bfc95d2bdcb67179,Arthracanthida,9,4,3,16
56b92ddaa413ea154039546ee6800dd3,Arthracanthida,9,3,7,23
584da8469944d41890fc38518a9140a6,Arthracanthida,8,3,4,16
58854240aec130dbdb5e139f4ea3d40f,Arthracanthida,6,3,6,16
591ef5592324166945c33bfb87217dbc,Arthracanthida,9,4,8,29
5a341db05fca9800428c46c3f5b4f3ed,Arthracanthida,5,3,9,18
5bd687bffbe3718b66939ec50f16f297,Arthracanthida,8,3,3,15
5db52e1acdcab6e2e5c7f657226bb9fa,Arthracanthida,6,2,4,19
5ed7de762d27f2b52710f0941f9cce65,Arthracanthida,8,6,9,25
61c3a0578d6fc7f0dba23e0e6b7b0338,Arthracanthida,9,3,6,19
629c6b96663ccb3a8674f671126ac05c,Arthracanthida,7,3,4,18
62fa77c942257aa2335256734b1ee425,Arthracanthida,6,3,5,20
62fc50e600b6f3c93d238818048f70ae,Arthracanthida,7,2,4,16
6336e9eb61772677f7bccf951f7daad8,Arthracanthida,7,3,4,15
6439f46a0b2f5dae930389312a95308b,Arthracanthida,9,3,4,18
646511922ca5f3758d62a89562f36132,Arthracanthida,5,2,8,18
64c942a638e27ac5d031919ae29711d4,Arthracanthida,7,3,6,18
66be66ecb955698f447283971b5c829a,Arthracanthida,4,3,7,22
6794ed867256bedd17949280c7c72a09,Arthracanthida,6,3,5,16
6868c98b66a2fa8593c2d031c8b43dad,Arthracanthida,8,4,9,27
69818bd7b354bdf1656c1daf31d850b2,Arthracanthida,7,3,5,16
6a4233421fe32d07ea34e5ead578686d,Arthracanthida,7,3,3,15
6a671e346c22072a347a826cfb71e0ec,Arthracanthida,7,3,6,17
6ac4dc4f0cb05d009b243fcf77604aca,Arthracanthida,8,2,4,17
6b5d9d11b3bb699610420b70e43ba51a,Arthracanthida,6,2,7,17
6c38aa1472627f6f1adb864175ebccfa,Arthracanthida,7,2,4,15
6c4ca0547e7abd7e315c3e7f7957fba2,Arthracanthida,13,4,7,17
6f70446d56d93537bb48c66284c9dd9d,Arthracanthida,5,3,8,17
6f868c94ee144fd94f158de42053344a,Arthracanthida,5,2,8,18
7011ad4e9abca3deb079757e78abb2fe,Arthracanthida,8,3,3,18
7112bcb6d2ae76213b8facc0cfee8a2a,Arthracanthida,9,3,5,15
723a75756109e528436c526c5b750d48,Arthracanthida,7,3,4,19
73d060003e94f8b5a02a73e132f22ae3,Arthracanthida,15,2,9,20
73d14fa752bc05f2c7841147f4f0ef94,Arthracanthida,7,2,10,23
7429fc5c3da8d9b9efb721859142b5b4,Arthracanthida,5,3,5,19
75047728abc3a7c3ec5e019697e8742a,Arthracanthida,5,2,6,16
75910bb123df8cdb0b71296616e8b1ea,Arthracanthida,9,3,7,27
7649c2ae20bf83ed0d765bc7bc98504c,Arthracanthida,7,3,4,18
77218b3236090ce79143e2a38f6ac305,Arthracanthida,7,2,6,18
79990eb6f1fb3a60f4975cf6d4019476,Arthracanthida,6,2,5,14
7ad22fbc50ada646e828130daaed9708,Arthracanthida,8,3,5,20
7b04a62691ed88f484e3fa5d4bfdd492,Arthracanthida,7,4,7,20
7cb37a7f2329bb1de32ff8a41622d5fc,Arthracanthida,5,2,6,14
7fa4e9719323b85d769b24869053ab9e,Arthracanthida,8,3,4,15
7ff5c56362384ec5a89d4e60ac59c8cf,Arthracanthida,9,6,5,22
80f6627be01d6a485b37c740eaa92acf,Arthracanthida,5,3,8,19
8226d32cb73e5760eb21f40aa2c97ec3,Arthracanthida,4,3,7,18
83c3f32afd8bf2096e87870ccb811307,Arthracanthida,9,3,7,26
856bb53491f5b3da60107458f484f258,Arthracanthida,9,2,8,23
85b1510a6f1b8f9c6af7e79533ccef38,Arthracanthida,7,3,6,20
875d8e62e8548f858e5fb3931165e9dd,Arthracanthida,7,3,4,16
88f36b23e8e044ef0c9ca0cf93ffc9c7,Arthracanthida,6,3,8,20
8c17a42f36d17af57616ee2b25ef1ba5,Arthracanthida,7,4,4,20
8d3b978de3706a0a77f0df42d309b859,Arthracanthida,9,6,10,27
8d92593bbac6f85b3afad62d4d672494,Arthracanthida,8,2,4,16
8e2012d7bb288210290f1465eddec09e,Arthracanthida,7,3,4,15
914f89dcceee57b264b232786480b94d,Arthracanthida,11,3,9,22
9176ac1243bfd197da520afb0daa6ebd,Arthracanthida,9,2,4,19
91c0b5d44ce1360f9f52ada9fbbedc13,Arthracanthida,8,3,6,18
933dfa624f6bc0b04893514e04aea8d0,Arthracanthida,7,3,4,15
938c1524b155d085ec5e423e9225fc05,Arthracanthida,6,3,7,19
93b1e522d2da280701ecb0b2ecaf6fab,Arthracanthida,6,2,6,13
9485d75f5788a534606e2dea3646d6db,Arthracanthida,8,3,7,19
956ea13f0924352a4b5daac9cf83ff22,Arthracanthida,7,2,6,18
95b26a49d61a46aa0d33090ae5a4cc25,Arthracanthida,7,3,6,18
970894fb1749e6fa44ffc8de1a910b91,Arthracanthida,6,3,4,19
98a0edd7fe28d6ba77bb5261825c7a9f,Arthracanthida,9,5,9,22
9a478d0fc94d5fe41a2ab6ffd199b80a,Arthracanthida,9,3,6,21
9c466b79d692f6c9006ce0840f1f68ef,Arthracanthida,6,3,6,13
9dde9c80009b2f8de486f63aa1e1fc02,Arthracanthida,5,3,5,15
9e3c211161320dab2ff579ec4422e8be,Arthracanthida,6,2,7,15
9fc822af50da56b5c244db98f32c8e13,Arthracanthida,7,3,6,18
9fd9bfae2fd0f47e45093e0f2720252c,Arthracanthida,4,3,7,18
a0b1e95bf14bf8b20b80e4e8f3456799,Arthracanthida,10,2,9,26
a13fb0ad15d2b2a95c1617c7b8e63083,Arthracanthida,4,3,7,20
a3266d6f97cfe87fb55677da7c13a166,Arthracanthida,7,3,6,21
a32efd26d4b7020578cc70a6f4e13275,Arthracanthida,6,2,5,16
a421f57fc4f72c90458a64db0a050860,Arthracanthida,6,2,6,11
a5292ecb325638dca89a34ce36f0b6a2,Arthracanthida,15,3,6,21
a57ed76af55356a5f81e9e164fcd741a,Arthracanthida,9,3,5,16
a75205c634d8ed688678e1cf3f0063bf,Arthracanthida,5,2,6,15
a7cdd53d15a95fdf15e67d08957879f0,Arthracanthida,10,2,7,17
a7fe820466bf2085cdc012ba2ca09106,Arthracanthida,6,3,8,19
a85badbe5fdc72c85acd0eaedeb00cb5,Arthracanthida,11,4,8,17
a86875389b8c79b90a6ef14865a62e71,Arthracanthida,6,1,7,20
a9cf4b4fffa12900ca2e5db9a79163a8,Arthracanthida,6,3,7,20
aab36fed4e5d15ba663eb9d33920ea18,Arthracanthida,9,3,9,18
aaeccac0579fd886157a6538a542bb2c,Arthracanthida,6,6,9,27
ab6baf22fb2d21b95de2b55bff392556,Arthracanthida,8,3,3,16
ada765166f8325bb1efd8386c8f241cd,Arthracanthida,7,2,6,17
ae8892f698736870d151f1c47ac2e0e2,Arthracanthida,10,3,5,17
aec131b8dc5c4b9c8935533f8ee1fbdc,Arthracanthida,5,2,6,18
afae7bb20862e0c2091d75a3dace34d5,Arthracanthida,6,3,7,18
b008374444623fe55db62ee6cdbfb3e9,Arthracanthida,8,3,3,17
b10cfdc4b840cb1a472bb6bbad0f8d8d,Arthracanthida,10,4,8,22
b2ac6c9b2f6f0c47d89873d412af3f21,Arthracanthida,7,3,4,16
b3ba7bdc91082005a5551d3a9fdde686,Arthracanthida,9,3,4,17
b5aba2846af8784364bd01dc98d20c54,Arthracanthida,7,4,4,19
b7226ade0e1dfe8f0152c820289fca74,Arthracanthida,7,3,6,23
b7911459ae1d76d88955fc9b7e711088,Arthracanthida,5,3,7,18
b90fd446181b3f11d250db6818413f58,Arthracanthida,6,3,5,16
b90ff6e4cc65896d1fa07583e5d6c640,Arthracanthida,6,2,7,17
bb53c3932590d4c0b45c946204bf46e4,Arthracanthida,4,3,8,17
be794d8f5b87806f10e02edf578c4f25,Arthracanthida,6,4,6,21
bfee440a544cb9f49dd0a9f48226abca,Arthracanthida,4,3,7,17
c164aad6190b26997f5973c50150161a,Arthracanthida,6,2,6,17
c4262a22c62b23aa832930fd498a4e14,Arthracanthida,12,4,14,24
c47b6eb07f91027ba47b88c90f24828e,Arthracanthida,6,2,5,15
c7acc07b935cac30a02220c56e5db033,Arthracanthida,10,4,5,18
c7c60309e7b272622fd203c58077448f,Arthracanthida,8,3,3,15
c87fc1b6fa9150ccea6fd6e070332e4b,Arthracanthida,12,3,9,25
ca8ae81c337852317bef9a45843b1650,Arthracanthida,5,3,6,16
cac950286fce0dbb04b5c2a42ea1faaf,Arthracanthida,6,2,6,17
cbf35f64c567cdd74e192c87f11e3b39,Arthracanthida,6,4,5,15
cc1c734a5475ae8e3cce622c2cd0dcb7,Arthracanthida,6,3,6,20
cc46b43a168997e0ce8cbd94f5b1105a,Arthracanthida,6,2,7,17
cece4097e16d9b62bbfbd341f0487249,Arthracanthida,12,2,9,17
cf4ce8cac631edb29002701208c71c6e,Arthracanthida,6,3,6,15
cff83f8fe4f9689a024f83dad3eea744,Arthracanthida,7,2,5,16
d07252f19cd3da152a3e93ac33f7f0b5,Arthracanthida,5,2,5,16
d18e543af999c433c0b6b89b7bf5e27e,Arthracanthida,6,2,8,18
d51d7fa231746cf8f9dd4f530befc7b8,Arthracanthida,7,2,5,15
d83eb77c87a19e54775b75a71c3a1324,Arthracanthida,4,2,7,16
d8585aa64319abc8c571477224fceff2,Arthracanthida,6,2,7,14
d984357103a1e8087f2ebf119692165a,Arthracanthida,8,3,6,20
dace37f651aab4eef070516a22248b93,Arthracanthida,7,5,4,20
db2d687d33fd001f0963b677a529faaf,Arthracanthida,5,2,8,18
dc37427f94c1dfe82234d9971a181164,Arthracanthida,6,4,6,15
dd54cd88c668d4eb7a83e4cbf1fb8fb7,Arthracanthida,6,2,6,18
ddc8d3d8b7b017062297b29e0ba2b91e,Arthracanthida,5,3,7,15
de324e70a91309343612be991222e5d7,Arthracanthida,7,2,4,18
de59ff1dec0e7f67feb2b16dbd503c49,Arthracanthida,6,3,6,16
df4d05cd5eee058b07e75d5e7d8443a3,Arthracanthida,10,3,7,26
e5852e1252a069afb6769d85d0dfb8d2,Arthracanthida,6,3,6,17
e60175655dbf33a20785315374ff1f7a,Arthracanthida,5,2,6,18
e71440439af446d9c4c9c71281933949,Arthracanthida,9,3,4,20
e7358c0d28df95739f78bbf6425bb68b,Arthracanthida,7,2,6,17
e7f10697f1fd036c66010e4491cd671b,Arthracanthida,4,2,6,15
e8ce088caf0daf426536be7a553cc0b1,Arthracanthida,8,3,7,20
ea1726e9640a54fce63b44bafa65edf1,Arthracanthida,12,5,10,24
ebc0e8abc0ebcd9f03bd4d4c76676dfa,Arthracanthida,8,2,5,17
ebce0f57b7f3943c36f67f913558253f,Arthracanthida,8,6,6,24
ebd8b4aa2ce1794d4f0d12eb6f793443,Arthracanthida,8,5,9,21
eca14b7e96b5b34dfc43a9267323f65d,Arthracanthida,10,3,8,18
ecea5ad210d45b7ce3670942baa16faf,Arthracanthida,6,2,5,18
edceece78a47b2f0ff32662d5edfa732,Arthracanthida,7,2,6,17
ee97f56aaf8b30d01aca412dd82a23bf,Arthracanthida,7,3,4,18
f1052139e1c3edeaa05fc9380222f469,Arthracanthida,5,2,6,17
f1532cc1a225f82e6bc9540dac88c997,Arthracanthida,11,3,8,23
f32dc40ebc58312d40d24a47ffe93034,Arthracanthida,6,2,6,20
f36b9e00e53e76e31fa60333ee16867d,Arthracanthida,6,3,6,16
f397759fb358ad006dbfb8edb54de5c0,Arthracanthida,6,3,6,20
f5280cf0b6ff5a816c525c5272a5bd0d,Arthracanthida,5,3,5,15
f61e4e9c0ed652ff52f6c5a737d0420b,Arthracanthida,6,3,8,19
f6fe24b63d448d4d6d67019a47c0eede,Arthracanthida,4,3,8,21
f801f22db8e0561f3d9654664a99abb3,Arthracanthida,6,3,8,20
f83b219d07df713d73856a81c17dbc8c,Arthracanthida,5,2,6,17
f94aa51e6ec26862d8fc504b15804cd8,Arthracanthida,8,4,7,17
fae49fc5e1c51f90f55707b19d79a177,Arthracanthida,6,2,6,17
fb50385627d50bab7586d59786211b01,Arthracanthida,14,3,10,22
fc0955f0cc55311ca003ebce06a5f206,Arthracanthida,6,2,5,15
fde180fa095bf95acee762f9a2746a56,Arthracanthida,12,7,9,24
fe1dfc20e14bd44d349236d53150be45,Arthracanthida,5,2,8,16
fe544356b7b674883f14b2e11c7a2d10,Arthracanthida,6,3,5,15
feca4d9496119c3e529f2b6c1a70c8aa,Arthracanthida,6,2,5,15
ff11e7e1c659a66a7be1ddaf2286c616,Arthracanthida,5,2,8,18
ff59cf4b00edddd46c8d7dcefd8b0d7a,Arthracanthida,6,3,5,14
02b5e383ec820bb7086695fc60784835,aulosphaeridae,20,28,18,33
067eccdafcdc0d92d0e70aa6311fc5d3,aulosphaeridae,17,21,19,29
06e0b270d2a6116c63390704e76713ff,aulosphaeridae,14,21,17,26
07053ccc50f60bb942fecb4de5933d97,aulosphaeridae,23,25,25,29
072add99bfef4505a5184050411dfa66,aulosphaeridae,18,24,16,30
0a247800f52c7106d3514b270b9d2469,aulosphaeridae,21,22,21,28
0a6b586b9f8d9a3601cff6a780d29c00,aulosphaeridae,18,21,19,22
0b7691ef75696d2680259af3f511f504,aulosphaeridae,17,24,18,32
0c851a483c584e3f2707508bbbbaf958,aulosphaeridae,17,19,14,24
0d99d0d532c8c127c259766ba18cebf9,aulosphaeridae,20,25,19,30
0ddb290b2866043bbddbb94b358b15d5,aulosphaeridae,38,19,30,19
10a2cd70deaff153823dc0be1a93a5a6,aulosphaeridae,15,20,15,24
10e20ea38e83cdd0d201886f9b1356c9,aulosphaeridae,16,30,15,34
1153776f88e96554a4eda6b4f51cbbf4,aulosphaeridae,19,20,16,25
11a3ae426771483b56ce0e1951b40cd7,aulosphaeridae,21,29,19,32
11a592633cea215c052126c952b221a7,aulosphaeridae,16,27,16,30
1262c4794c46e1da57cb91f804162f10,aulosphaeridae,47,20,49,25
12f3b30d0bc12fdd0f5b0cba1a023f53,aulosphaeridae,17,27,17,34
1385e452c1762294b3bc1eb01fc9cf5b,aulosphaeridae,16,22,17,27
1548da995b19bc5c989f4a901baff7bc,aulosphaeridae,16,22,16,28
15567e9d36c67afb08f00b2bcde49864,aulosphaeridae,17,21,17,24
170caa94be2a5a99c1a67303f56560f9,aulosphaeridae,17,25,17,35
1767aeba82913c3f82da8e7f09ef20dd,aulosphaeridae,15,17,16,25
17e0bd33c1c7f9f67af2634e7276e947,aulosphaeridae,20,25,20,34
1a3459fa4160ed8934f1075ac18b5a64,aulosphaeridae,22,21,22,29
1a6abb032e8396fa1e33f100ac72c031,aulosphaeridae,31,37,31,37
1a9d4475d9186fdc18e59b74626ecc18,aulosphaeridae,21,29,21,35
1b06825245c42ccb6319e699263fe8a1,aulosphaeridae,28,32,27,38
1d8065f7f6d929ef354a77f247c3bd53,aulosphaeridae,23,25,16,29
1d8c828a78494cf79161952f99f822c9,aulosphaeridae,19,26,21,29
1fb8abe247489a3657c1087f2fac1222,aulosphaeridae,19,24,19,31
2029af268ba536801077f4741811af88,aulosphaeridae,16,26,16,26
22575428f36b0fd0e2b2dee003a82dbd,aulosphaeridae,14,20,14,26
2319e24b6b67bb4b8e3636272070530e,aulosphaeridae,23,26,23,37
2737902b9b51bec51848746397427b1e,aulosphaeridae,19,20,18,29
27b74bcce91faf6217ef754d5b85ded9,aulosphaeridae,17,24,18,30
28bdf4e346128347c2beacc37e1727a4,aulosphaeridae,18,25,18,25
29621b02e98eb9a67ecfafe785baf941,aulosphaeridae,18,24,17,30
2a3f0afee7738a775b42be9766d9004f,aulosphaeridae,15,23,19,22
2abe0a28aa8f88a832d895591b19d749,aulosphaeridae,14,19,13,24
2b547303b815913404b59a768cc76618,aulosphaeridae,20,22,16,29
2d0bc329fdf85f33e11869aa3e07fd16,aulosphaeridae,33,28,33,35
2e9afbcd6431cfa6afdc0ec2b2b9e4c6,aulosphaeridae,19,26,18,34
2fe1b233ede039a62ef1fef940fb1a29,aulosphaeridae,25,35,29,46
324ab371a4165c825d8d87aa3b384776,aulosphaeridae,24,29,23,34
34dac434f8f89c561b8b56795d1f3dec,aulosphaeridae,20,42,18,53
3578c4d45c10e301af488705b17e2a7b,aulosphaeridae,21,26,21,26
3661c02b5f481a7e8fbc2fd917c8cf0c,aulosphaeridae,21,25,19,31
37bdba4b3f4940ef86b3bdfe5a280996,aulosphaeridae,19,19,20,26
37f477fb3f9da3d75aa799e264eab2af,aulosphaeridae,17,20,17,27
384efc94045e0e6882c15ad9a62970bb,aulosphaeridae,18,21,18,23
39849f023b1bf231ee76ae5b377bc2b9,aulosphaeridae,18,20,16,26
3cb77b5e957e2ace607f9018e027699c,aulosphaeridae,18,27,16,36
3e63136a675b08ac0ec166adceafbf27,aulosphaeridae,22,23,19,28
3fdc411f48eb7279bea92be3c8420d1f,aulosphaeridae,19,23,18,31
42748bb893237bf40c8540492023c897,aulosphaeridae,20,28,19,33
443079e506a0ddf16196c095a3c15cad,aulosphaeridae,33,27,31,35
45318e799ddcab3b88e8a47f1c677a45,aulosphaeridae,17,25,17,33
47725977de01c42de8e981b00f56bcaa,aulosphaeridae,21,26,21,34
4886e18ea2b5deb580be5ab72ee7780b,aulosphaeridae,12,22,14,27
49574d87ac7a59c70889f43017101c58,aulosphaeridae,16,22,16,26
4970336c2abc89323bfcd40f565ea7db,aulosphaeridae,20,25,22,33
4c57d9bfa2e9ae4116ab716529264343,aulosphaeridae,17,23,16,27
4d6b930b7cd39b8e26a0f246c5e00282,aulosphaeridae,29,21,29,27
4d6ba2aeb9664d0bc285bb5c6a312b20,aulosphaeridae,17,23,17,31
4e0e45a7e4d10317352fcaf533d05135,aulosphaeridae,19,28,15,36
4f2c17b32f9541e5a154eb67a51996f6,aulosphaeridae,18,20,19,27
4fbfbf05173a58b3da7526435809348d,aulosphaeridae,14,23,14,29
4ff5fd73491cb7db0d0fc9fd2367255a,aulosphaeridae,13,20,12,24
534e0cc2f6fea10114a5b66fdf6f0b45,aulosphaeridae,16,21,17,26
5393dd72b14b1388b9cd049b8833f0fd,aulosphaeridae,21,28,21,34
545c0bb18b4b157ebdc4a104ca0ca5ea,aulosphaeridae,22,25,16,31
56158fc7e2db4b7c1ce11281fb6e866d,aulosphaeridae,20,23,20,31
5622e7a583de5f04c7fefdf83e72126b,aulosphaeridae,20,22,20,26
5701010c317180d64a455dd103bc937b,aulosphaeridae,25,35,24,41
582c2a6cda567e5b27b31705f790b545,aulosphaeridae,27,33,31,41
5a28ff9434b87890aec11d9db1abf0fe,aulosphaeridae,14,19,15,23
5b5596cb8d60e3d2e6056786a635435f,aulosphaeridae,16,20,17,24
5b9a06d04ec4810f4cc14f85f0433003,aulosphaeridae,21,23,22,28
5c0cffc2ee25fd2188238a3e95152fbe,aulosphaeridae,13,21,13,26
5ddd1b5cdda5b0ce9765e436607d28de,aulosphaeridae,18,21,17,25
5e6c58542ccabe3a4a5215fdc3f2e356,aulosphaeridae,13,21,13,25
5fb0ee41f748b903d056f91e3617568c,aulosphaeridae,14,20,14,22
6098ad9a50d0e0c5334c10e6ab6db1c6,aulosphaeridae,20,25,20,34
63aba98668db1cadfdea9a7c969395ea,aulosphaeridae,16,18,15,23
63ec8330fd1bac02eeffd18cefee9033,aulosphaeridae,14,21,15,25
66db0cdc311411119d72681e24c81fb1,aulosphaeridae,15,22,17,25
681b03bf9d83b4371b801a42424309e8,aulosphaeridae,17,26,18,32
69252273ae2066222109a0b457a48bd0,aulosphaeridae,18,24,14,30
6c76e4e3ae85be774cc5ded272ce4b2f,aulosphaeridae,17,23,17,28
6d1db9cb117115c38cc89a9abd12ec0f,aulosphaeridae,18,19,16,26
70797bd078733830b5ade4f9b9ee6588,aulosphaeridae,19,29,19,29
73570e25c2048984954da8d1862b1a6e,aulosphaeridae,16,24,16,28
74ccdb2ea7001d1b1689059a9222d00f,aulosphaeridae,17,21,15,26
759b682f98e6f8249d77d994b81fc2f0,aulosphaeridae,30,21,27,24
781296ea30741d8711c16f380bf232cb,aulosphaeridae,17,18,18,23
7984561fa8bd6547066041804ca8fc47,aulosphaeridae,20,27,20,36
79ca057f2f6c610f905204f121744303,aulosphaeridae,20,27,19,35
7a0f14900a30e8526dee51fa54a24ea4,aulosphaeridae,18,24,19,31
7aa13842404160d707e816f11db8cf14,aulosphaeridae,18,27,17,39
7b9991bb166d4786935423747b1d98fe,aulosphaeridae,15,20,14,26
7c6ac61279f00f2e7f856569eac5843b,aulosphaeridae,17,22,17,22
7d408bc1fdc3ed0c9cadff16e49baa91,aulosphaeridae,23,28,23,34
7d884b7e120bc5b4bc8cd9a05d69b15f,aulosphaeridae,21,26,21,35
7e44549df936b7f156787a7723237d3f,aulosphaeridae,17,24,15,28
7e7d7a377c4a27f8599af402d8012892,aulosphaeridae,17,22,18,29
7e876c00ab767ef9efa7739de75c8d7d,aulosphaeridae,16,20,16,24
7ef6cfdde5d4ca95410f6fa0c91680d7,aulosphaeridae,18,25,16,30
7f7079962136e561eeb3cfed086c88f3,aulosphaeridae,15,38,16,44
82e1784ac498df661f6ffbaa70bba85b,aulosphaeridae,26,21,25,24
83c221027a228ef5936eb1d8a0854099,aulosphaeridae,22,22,22,26
842c7a929b2190edb4a36c00092d6ca8,aulosphaeridae,14,19,14,21
84cf68f7ba6535967bac54f8c6fb7e57,aulosphaeridae,13,21,15,25
84e6cb2cd52c005664cf1d7e5ffff3cf,aulosphaeridae,18,21,16,27
854783241a4570923863d3af670e1f9d,aulosphaeridae,17,24,18,29
88712d3333a7049e8ee7d3aef5a76fd8,aulosphaeridae,17,22,18,26
88cf2ec34eeade0438aa42939cf8493c,aulosphaeridae,19,19,19,22
8b645852eb9a13502cd3f2fbfd85b0bd,aulosphaeridae,35,33,34,42
8cddfbe3d373c7d750fbedff78ed7fa0,aulosphaeridae,22,32,22,36
8d6f87dd779eae38d2398696851e7cce,aulosphaeridae,13,18,13,24
8ea38f42a7f1d3cccff7f3ddb23a8908,aulosphaeridae,17,25,18,30
8eb0fa2add6f2030a63ad6fc655b176e,aulosphaeridae,16,23,17,32
8f5eb51a81690d6778fe3969f00264a5,aulosphaeridae,21,25,21,25
9033a23d71631a7bf9dfe19d31ee9c39,aulosphaeridae,15,21,13,25
918ed3b12d1be2c0744961dfbe564d01,aulosphaeridae,15,20,15,25
91b4badcee74fab65913471d44776668,aulosphaeridae,15,18,14,26
93342f554251efa5805f71023ba12b85,aulosphaeridae,16,20,17,25
934a5819f6fb00d6c87fc0c03603b982,aulosphaeridae,16,18,16,24
93bffe046b49b621ce34fbd5acdbde33,aulosphaeridae,29,29,31,41
945527ba67f6b4d56adee8a0f9f6b04b,aulosphaeridae,18,23,19,28
945a19c804a4cfdf4fa5c9edbd8a004a,aulosphaeridae,15,21,14,23
95439d02a1f9bac4b343f1f42f61f0cd,aulosphaeridae,14,19,14,19
95a387992eca7481ec68d35b0c429eef,aulosphaeridae,14,20,14,20
95b77e6cc86781135b38a6f7d015b2b8,aulosphaeridae,27,31,25,35
977990554eb3ac5918fffd5fc6190e2c,aulosphaeridae,21,25,19,36
97bdf272dcacc3c45b28234681690e5a,aulosphaeridae,16,22,16,30
980d2df81c2c9fda4040f96a6f295f85,aulosphaeridae,15,26,12,31
99e21d7bfbfde62c8e571cd0013ad027,aulosphaeridae,14,22,15,28
9c8a17798a53bd7875f16ef77144f7df,aulosphaeridae,15,20,14,26
a1982b3753a1805fa2f865e3e8bcdfb0,aulosphaeridae,18,27,19,36
a1abdbf69b659f15bde1019c0bf425ef,aulosphaeridae,18,21,19,25
a1c8de0553a08107975e51206ed554aa,aulosphaeridae,20,24,22,29
a21df54312a117748840e939e279b9b5,aulosphaeridae,13,24,14,34
a4d71baa685831b2a9f7ba6e98653bae,aulosphaeridae,20,21,17,29
a5b3f3232df234762dba261e6afb3237,aulosphaeridae,13,19,14,28
a6582894d4518cd00979617265b45a80,aulosphaeridae,16,21,16,25
ae73cd1624006f2168f25311f979996d,aulosphaeridae,20,24,18,31
af125726bb07d016bd259a087463a6a7,aulosphaeridae,21,21,21,27
af31d34712f497a9867012dc9a9952d1,aulosphaeridae,23,26,24,33
af423d156ad855cbbaf89019d10b5f21,aulosphaeridae,15,19,15,27
afe50199b77cfb70f6d19670b3f081c6,aulosphaeridae,23,19,24,23
b0e427bb3f36a25414b35fdd2acd182a,aulosphaeridae,16,26,16,31
b3f139211cbe972d0cc0453a020f4d44,aulosphaeridae,22,24,19,30
b4943fe6f25423261422f5eec0cd8cee,aulosphaeridae,14,20,15,25
b548419d144d4e86ac74efb4b135e0bd,aulosphaeridae,14,23,16,27
b5f7069a9ac9b6145279d5ea239b77f3,aulosphaeridae,16,20,15,26
b5fe86b8e2f243e388e20ac4b8ff81ef,aulosphaeridae,16,23,15,31
b7e31a52bb99261be79d5b54337b072f,aulosphaeridae,17,21,16,26
b89650a5945e8bdfeb01b74b30b6adce,aulosphaeridae,18,24,17,30
b9fdfebf855889d3ab59b59706926471,aulosphaeridae,14,20,14,27
bba9bc635d876136a8badba985d1e916,aulosphaeridae,17,25,17,32
bbf87e8c3730043648fb451319eb6cd2,aulosphaeridae,19,29,18,38
bcd8a69d181b6f4cfc5f0aac16730280,aulosphaeridae,16,24,17,32
c1daa606fe0c62567740907110dd708b,aulosphaeridae,14,23,13,29
c2ba77a4e083ed59271992ec7867f3f8,aulosphaeridae,18,31,20,37
c40fe42b1c0d586ab633ccdf7dad4381,aulosphaeridae,15,19,16,22
c41ba56826d49189a4192a4eff455a02,aulosphaeridae,13,19,14,26
c68cfc487e3d2090a5187156448993a2,aulosphaeridae,17,27,17,30
c9bef16f7f00edabb63e58cdabbcfc22,aulosphaeridae,16,29,16,29
c9cdba2cbeeea04515254f94a0f9599c,aulosphaeridae,18,24,15,27
cc06c0b01ac36d663fc2d9dacc857de8,aulosphaeridae,22,29,20,36
cd98828aeb5c85c540207ac563c9c979,aulosphaeridae,19,22,16,29
ceae3b6c72e89f3a8f05091d7ecb5329,aulosphaeridae,16,22,14,30
d341ecec3985ead581800b753a62e986,aulosphaeridae,12,17,12,22
d43ce0604afe22b41f2504cc1be76411,aulosphaeridae,18,23,21,30
d4ea80855688aa5e40b77ebe87affa7a,aulosphaeridae,15,19,15,24
d50d36059fc87aae05f2ced2453f4322,aulosphaeridae,19,24,19,24
d6627ef79e3331db53717aaea528e1ac,aulosphaeridae,17,21,15,24
d6666ffa0151c10cad5fbc5db6f24d1e,aulosphaeridae,19,30,15,31
d6ab5c8303a2950970efcd739596dd87,aulosphaeridae,22,33,21,42
d8e0342056b817ac2cd9cbf956069315,aulosphaeridae,17,28,17,34
d98a7cc645aba5f70701c13027dce6a0,aulosphaeridae,16,30,17,37
da86ae16a44dcb99dd1bf80092386232,aulosphaeridae,16,20,18,26
dacc1f60413a84e372474f827a9805a1,aulosphaeridae,19,23,19,29
db58eefee2c5809a3cf1101e882cd2c0,aulosphaeridae,22,26,22,26
dd881059e9746d833526c93974165504,aulosphaeridae,28,38,28,38
de31a6460145536257d0c2544aafb59a,aulosphaeridae,15,26,16,40
df7ca26f4d735b12067dcd225baf686e,aulosphaeridae,21,21,16,28
e188c0c01806639dba6f951b45d1e233,aulosphaeridae,13,19,14,24
e1c5fc5ab2cc5338a9054a8039a39756,aulosphaeridae,29,33,28,39
e2ca7e36aceb17fd2c8c79256589038e,aulosphaeridae,17,25,17,33
e529d8ffdeab4abbe1ec1fac1ed30b7e,aulosphaeridae,20,27,22,33
e59832275fae1ce8158335d50cfddc72,aulosphaeridae,22,33,23,43
e65e5163a7ef0e2a2ebb791d78a0ba5e,aulosphaeridae,16,30,16,38
e68323561d54346e5612f29798f75917,aulosphaeridae,20,18,21,23
e6837242a1f5ae8e0eb8de8faf201cb3,aulosphaeridae,26,35,27,38
e775d5a9a444054e694fd83f814959d0,aulosphaeridae,14,18,13,25
e84d0b032d4422eaf2e3da463cc9566a,aulosphaeridae,20,20,22,24
e8822b56e09b7674c8c96264a8c56c7f,aulosphaeridae,17,20,15,26
e8bf44d85e279b6f36553a9e0cb5320f,aulosphaeridae,14,29,14,32
ebac218b26ec84187dd68cfda28645c4,aulosphaeridae,16,19,16,27
ebccc83c3c8bc08aa878626977270681,aulosphaeridae,27,38,27,45
ec316c852cf1b788192506e67cab088a,aulosphaeridae,14,20,19,24
ed61e1aacb894e3171cab2ae6ad59120,aulosphaeridae,15,18,15,24
ee3af052f86901b171416a82b79ba38f,aulosphaeridae,26,20,19,19
eebcace506c9cd239fe5bcf373036df6,aulosphaeridae,14,22,16,27
ef6c30d2f0623b77d7270d56ab55aae7,aulosphaeridae,16,20,16,25
f0ea63e027c38a4ddbcbfae7fe339184,aulosphaeridae,17,19,18,22
f11e5fe9f966aff560fdc65aecc4f372,aulosphaeridae,16,31,22,34
f4504a10468d1919a70bed4402398ad1,aulosphaeridae,17,27,17,31
f525c7d383f8f3238a95aeaeeed8819b,aulosphaeridae,30,34,28,43
f6622b02015ed9a5eca68852fb9d2011,aulosphaeridae,18,26,16,35
f6e0d5103a3a3f9455293d1a81547171,aulosphaeridae,15,33,18,32
f92d1cb117beae7e71dfc745674727e4,aulosphaeridae,17,21,16,26
fa253ad42cdd8a3c3f340bb383bd3a72,aulosphaeridae,26,31,27,42
fa2f8b5cca531467c1dece72f6c52103,aulosphaeridae,17,22,15,27
fb479830b2f58c6b05d2c6603f1c3b07,aulosphaeridae,30,32,29,41
fc282f741c348b11650d3f8cb7d2e37c,aulosphaeridae,15,19,15,19
00cbb4cf09124c739020389a765df421,solitary_vacuoles,46,70,45,34
00e0fd6fcb62975bbeac2f0dd45f85f0,solitary_vacuoles,41,53,36,23
021a8a24974667aabad099a178dae46f,solitary_vacuoles,31,59,30,6
0247fcd6577108337011bb0b6300dab6,solitary_vacuoles,28,47,24,4
025f8ec6b050698580ebf0089127c01a,solitary_vacuoles,24,45,21,13
0276f2a124548cc929533ba64d5e63cf,solitary_vacuoles,43,69,39,22
03274541d8a5b8c73be5aadd0a40479b,solitary_vacuoles,47,68,50,23
03aae64e86dc1986223c21e585f002d1,solitary_vacuoles,21,27,25,8
04282d3118f0cfdb4111bd756f0dcc87,solitary_vacuoles,317,116,321,53
05131daef4fb466cd19b4ab10c507332,solitary_vacuoles,45,65,44,10
058b9962a499782848db132a4b85ffde,solitary_vacuoles,50,85,55,47
0686f6c536bce43045208c80e166653a,solitary_vacuoles,26,29,28,6
0737c5a3b1e28e88a85f29b1ef3e39e7,solitary_vacuoles,26,43,25,26
07977fe89897257bfa8634b4e729692d,solitary_vacuoles,58,70,63,18
09304594e76af4cac6dbd9bdfdcf4489,solitary_vacuoles,42,58,34,38
094e1f7ea9d428606ef831ea24f91e7b,solitary_vacuoles,80,128,75,71
09f25e8e76051e136402e9eb5730a3a0,solitary_vacuoles,38,54,40,11
0b12acd4cc3f1b16a5b5aede2b5c6c9d,solitary_vacuoles,51,63,56,29
0b4c4ad5e6c8a61ae93ef8ce5207744f,solitary_vacuoles,35,36,22,15
0bf57be82878d84d4b47b97c89035655,solitary_vacuoles,25,40,23,17
0c281f80edeecad5cf736ce1c513ed9f,solitary_vacuoles,44,79,48,19
0cbb6a3b172aa6d76c901487c4962620,solitary_vacuoles,44,67,41,26
0d317c989975a9fcdd1b27e958192469,solitary_vacuoles,23,38,20,9
0e388df41b37cde6873bdf71d85a341a,solitary_vacuoles,33,45,21,19
0ee5da7c72d4e178e48064ec10d2ec11,solitary_vacuoles,21,65,17,32
0f73231e99ef8a9157d9cf16c3cded10,solitary_vacuoles,28,42,33,23
0fdccc86e2fb7f21ef82d57ad9dbfc6f,solitary_vacuoles,25,35,24,8
11d09c79337824127600caf7339346ac,solitary_vacuoles,46,63,48,21
11d775622e19929ace778c031265069e,solitary_vacuoles,46,63,42,25
12dad06e06144d29f7bab6f932ad4f22,solitary_vacuoles,40,69,43,25
148579899c57091412eb4047d05f66eb,solitary_vacuoles,29,29,29,3
14de9e4ed371573da544e70f2e0ed69c,solitary_vacuoles,60,57,64,15
14f7da2aa515fcc52476aca40e9013a9,solitary_vacuoles,17,37,22,6
15d785ff163972b2397158ebb56ccea7,solitary_vacuoles,30,55,30,15
1698e3927febe61efe34232b876d9713,solitary_vacuoles,78,94,73,45
1750cc37850dbafbff8b8d4a4d81e0d3,solitary_vacuoles,19,44,14,15
17aa8b17f2d694f7c15ecb1bb23321b6,solitary_vacuoles,66,95,66,44
17ee165258fe6d174e82c9af173dcdf3,solitary_vacuoles,38,61,30,22
1975469f35fb58f7901707fb36e989d2,solitary_vacuoles,56,73,21,35
19ea2badb0dc3a4e2ffdd357ee39bcc5,solitary_vacuoles,60,69,63,20
1b00a20f6ad1b1a4a0754a6e70ebc01a,solitary_vacuoles,27,68,34,15
1ce78ff14ff417124a6dac792f807d84,solitary_vacuoles,40,68,40,29
1d3325032929ae93ad063558bb20e4b7,solitary_vacuoles,25,49,34,21
1d6b514d2a00b8c2b197b82382a1548a,solitary_vacuoles,46,69,63,33
1d76fc346e174b9da09209d687a1a473,solitary_vacuoles,42,63,37,25
1f5cb9b852fc7213e44a2304aea2c9c8,solitary_vacuoles,60,87,65,44
212cab7c1d8bc2cfb536319eb6506e4e,solitary_vacuoles,58,80,51,24
21ec8c6733fdd11225f254c1f51941be,solitary_vacuoles,26,82,28,33
21f72e689381efbd0e7857e6492f32b0,solitary_vacuoles,92,85,113,31
22cd302974d35e390d3097ec239c9d37,solitary_vacuoles,13,37,13,4
22ed44f5a0f77809fe42d2f45152b1b0,solitary_vacuoles,38,42,33,19
23007396b6d6818cb98d5cbef3fc9c90,solitary_vacuoles,38,70,41,29
23e5a8918b781252393234b30d379dff,solitary_vacuoles,50,84,45,29
23ece987b6b5ba2e86618fcb6435bc5e,solitary_vacuoles,29,26,29,15
26f5a232240d594c3ca8997de04e9477,solitary_vacuoles,76,84,73,56
26ff23bbfbe4e8c6b331a504c8499e36,solitary_vacuoles,109,123,122,54
27d0ebf1bdf2f20ad730a7c9eb717002,solitary_vacuoles,48,78,43,28
28c9fb0aa3e60a0d616398f48036f2c2,solitary_vacuoles,45,69,46,29
2902222a48269739878defea78609399,solitary_vacuoles,63,73,55,29
29d3d7b3fb3cdd87171e95138a267ebd,solitary_vacuoles,47,68,39,19
2a367b536a0a5db78f27cc9f66b058a1,solitary_vacuoles,74,95,81,43
2c1745faf730738655c770024cdb61c6,solitary_vacuoles,32,58,32,14
2c5e3d5720caaaa3a21a8dc9bd172bd6,solitary_vacuoles,31,71,37,14
2c9a19c22a9023df3a94e184da0cd4b6,solitary_vacuoles,53,76,50,30
2dc49454cb30b8d0f7deb404d8296b7d,solitary_vacuoles,23,41,23,11
2edaf1f96a528ca872113661a25ee0b6,solitary_vacuoles,56,75,57,27
2f392b864999b48c78bc8165dc4784e2,solitary_vacuoles,20,36,18,11
2f6f3599f020eca491162cc7d88ebd8b,solitary_vacuoles,52,63,51,25
3018f64741fff4f9ec9dafe7be214aac,solitary_vacuoles,43,55,43,22
30d3ec76b7a97b36dcbf4d17569235a5,solitary_vacuoles,55,70,60,20
318b8f27031d3b72c2b8154ff30228e8,solitary_vacuoles,31,51,33,15
31f75b1f1ed16ba232954de32f675dda,solitary_vacuoles,27,47,29,11
3231ed757b362dcd9058d1dc92534096,solitary_vacuoles,19,34,20,8
34308f4158acd193340cd3e5339a5384,solitary_vacuoles,55,60,61,27
345e1998cbf87167d7cd5156b4aa2031,solitary_vacuoles,108,108,90,64
3479bb5168368c43f9067fcbe57cc308,solitary_vacuoles,35,57,38,29
35f582072294dabb30fd1ea8fb689628,solitary_vacuoles,29,50,28,16
363351107f5cfdd878c2e912d4ed047e,solitary_vacuoles,57,53,59,3
37972811b01a8c8d6fe93eea6b29a24c,solitary_vacuoles,20,61,21,17
3ab7aa987ea2a8e761a13234ec925f02,solitary_vacuoles,46,60,42,17
3b8768eac05a650e05f3afb0337285cd,solitary_vacuoles,34,69,41,7
3bb85ed69c039b4f6cedf298b410246e,solitary_vacuoles,40,38,44,5
3bcb3c8e73ae0d24cb788f62e3f38940,solitary_vacuoles,18,35,24,7
3bf4a3600334480c739a5251b03e04e0,solitary_vacuoles,86,99,91,31
3d09c5941e5833f18343287a696a206b,solitary_vacuoles,19,57,23,32
3d57a5d02ec41d9d7bef9a7ea1027b15,solitary_vacuoles,53,63,42,52
3efe0f183daea99a9edee0b256ced366,solitary_vacuoles,42,81,44,40
3fba75a142d9efbb3210ebd9752e8105,solitary_vacuoles,27,40,26,12
40bf81ae61a63af2619522b1a93ce52f,solitary_vacuoles,27,46,24,8
40dc18468e551fd1f0cf6a950c118aa6,solitary_vacuoles,89,127,65,90
40ec394dd3651e6af0234d842df8424b,solitary_vacuoles,71,93,87,62
441b422f9589b50d19d3d2d8ed377f40,solitary_vacuoles,43,49,44,6
45d4ce625ae7cb144d9d1a7a044d1ce5,solitary_vacuoles,25,76,18,29
48fc739b0f8b48b5a23116df4be0d9ae,solitary_vacuoles,88,118,92,62
49019f9b125365ebee9e637153edcb9d,solitary_vacuoles,31,46,19,24
49f984ad5c062d2125b4729281c463ad,solitary_vacuoles,50,64,49,19
4b707f8e2772ad004e779f5d50558273,solitary_vacuoles,59,76,60,31
4c8a3196dc726007c89c2c2719a0fd40,solitary_vacuoles,19,19,34,7
4f4168b12bea75ea402d61fa53815cb3,solitary_vacuoles,27,40,34,18
5058e681d6de80c3daa7256fbd2809bc,solitary_vacuoles,53,67,57,26
50a2ab1fffd9eefeb89fd934cae6a874,solitary_vacuoles,26,47,34,13
519577b8a25769ce8e252a5ad5c260c8,solitary_vacuoles,59,67,66,28
52158b3b93e63eccfdc8531bcb483683,solitary_vacuoles,25,52,29,10
5292b8b4acfca44524d2f2fd6f978a92,solitary_vacuoles,34,71,24,13
52f611a3c7022542092299b7f898f3da,solitary_vacuoles,18,28,25,5
5367875bd9b49a5d462e326a3e478217,solitary_vacuoles,63,81,58,16
54030a27481a20c7c642d2e4fe8a2a69,solitary_vacuoles,11,40,20,12
55bce489e322dfe97654a62b509d5c09,solitary_vacuoles,23,44,20,3
577de3d6bbac4d49946260a3762da1c9,solitary_vacuoles,22,53,18,19
5889ff6719400cdfcacc4616cf860c52,solitary_vacuoles,35,61,41,20
58bb183b902e208b673d11ea1d7f1f18,solitary_vacuoles,63,89,75,38
5a41b595a8cb512bb29c39bdca19f276,solitary_vacuoles,19,48,25,8
5bcd77582ab8d1579cd1484be080de06,solitary_vacuoles,26,53,34,8
5be30842abad93a9e6ad796ec55e337f,solitary_vacuoles,31,51,25,18
5c673670a358ec0ef3254d3fa73fd8ca,solitary_vacuoles,89,112,73,63
5d3becaf3efca8b061294cc4668b1c8b,solitary_vacuoles,51,80,47,48
5d6407ff2092c67fe510be9b4be38704,solitary_vacuoles,31,58,27,16
5e7038f326375295469cf7ac5087f561,solitary_vacuoles,16,32,18,5
5f591d3559b543ab79a24a9c8d7e7273,solitary_vacuoles,40,59,57,59
5f65191917efc5d96298a314d6ec9f4a,solitary_vacuoles,58,77,53,15
5fccb943a7108f05bd1676bdbea7e702,solitary_vacuoles,23,60,34,11
606390929f2a72a563d1d8fde521eca4,solitary_vacuoles,35,41,31,4
6093273a59d03a49a9823965b1520fac,solitary_vacuoles,30,52,35,24
61176952d21154b11abbde13532cacbb,solitary_vacuoles,49,79,47,17
619dd30b5e80e4afe33dc84e4d92305b,solitary_vacuoles,27,43,27,15
634c748f97386afa364064a4d4701008,solitary_vacuoles,38,59,35,21
63569dca28c347460ae71c559cd785d1,solitary_vacuoles,42,70,39,29
640f7bc7388222b36e482596c4f0f4c3,solitary_vacuoles,43,73,45,45
644cb13febba9784a74b6c5b2496c73a,solitary_vacuoles,24,61,21,6
6450fcab8cf5fdf47ab084a1b68e6c8a,solitary_vacuoles,53,53,53,5
650f23fac1b8804dfe6b43e3922143d3,solitary_vacuoles,19,42,20,13
6542b71fad08158a1b20194ccf6b89ab,solitary_vacuoles,53,76,52,31
65a85200dec9a5f09706c367d1760293,solitary_vacuoles,44,82,32,26
66397980dac71e883c4a63578fada61d,solitary_vacuoles,35,52,40,35
67a55f1230f07f4139d34a55695b584a,solitary_vacuoles,43,74,38,30
685390363dcda077c757ef7b30ced3d0,solitary_vacuoles,72,95,74,34
6933eeb504c740605de12bf98067688a,solitary_vacuoles,68,94,76,45
6a47bf871a8cf3d4186e0552e1512269,solitary_vacuoles,60,68,66,32
6c8f578655c9d07b3fa164a64329fa19,solitary_vacuoles,15,44,14,8
6d2bfbf7cb5b8172acb93011ab46ad9f,solitary_vacuoles,45,72,48,40
6d993e9f0f2753f80b83c4fa14f9e78d,solitary_vacuoles,27,54,32,18
6f5e9475d8c77c6080c9ebc5122cbd10,solitary_vacuoles,24,36,22,12
6ff6c065c49edcb0373269d0d9433af9,solitary_vacuoles,21,48,20,23
7096df7c2bddfdc707431dfa885b4a02,solitary_vacuoles,25,35,22,6
710b29caa2db5cb7b6b69fd04320efe5,solitary_vacuoles,39,56,33,20
71d534f890c767483dda5be84f73d17d,solitary_vacuoles,59,70,62,26
7248fa3f34c4cf31cb9f600f9c01ebbe,solitary_vacuoles,48,74,56,32
72cb3681232a6574322307fac639f65f,solitary_vacuoles,16,76,15,41
73df75c6c91011c6dffc9511154d881a,solitary_vacuoles,26,48,32,15
74675ea78604117839722bfec7156282,solitary_vacuoles,27,57,36,30
746d023c0094bb380dc75444fe650e37,solitary_vacuoles,14,70,30,40
74b5c0901dc5931a22430f235c8661f5,solitary_vacuoles,24,45,25,18
755f1eb252f1af6251e75cdfc45b5299,solitary_vacuoles,32,41,23,3
769f88a0530ef44dae3be91e1847cbb0,solitary_vacuoles,61,92,70,44
76fe36a3c5827ab8d814eeb3aefa50bc,solitary_vacuoles,24,62,26,27
78017ea0ef20a0b0b8a48b56454322a0,solitary_vacuoles,26,74,18,25
786786ed8bbe789f4cf727fb63b95a64,solitary_vacuoles,27,49,29,14
78f57365fb78503f04c3cea82a85bdcc,solitary_vacuoles,34,65,42,33
797afd45cc0d6d46bb97270deb4a735e,solitary_vacuoles,13,36,16,6
7986bb237ddb02b916b9380d24dc7804,solitary_vacuoles,32,39,31,16
7a05fb2f183850770005a4ed5ea30716,solitary_vacuoles,41,44,42,18
7ceea2377e00e1bf6da65d1be82fdc6e,solitary_vacuoles,18,39,16,8
7db21363e49b692bbb95f7f868bbf6ba,solitary_vacuoles,40,64,42,33
7ecd1ee4dc5e00a5f70ebd7de1c2e01e,solitary_vacuoles,48,67,40,32
7fd322d9caf24b2135380161ee5a5808,solitary_vacuoles,36,73,40,26
8001d5437cbba32c85a8e6b9c1d8c013,solitary_vacuoles,39,58,32,25
82486232a060acc1eb4ac8b0135ba0c9,solitary_vacuoles,42,58,40,24
84045efa6a909bd596f1a47a7aed22ae,solitary_vacuoles,44,68,30,29
84647fb3b93ca0dc5a52cf7aa41e80ef,solitary_vacuoles,30,31,30,7
85356a9b5fa4dcb05765ac17f6c07378,solitary_vacuoles,50,71,44,35
85429c063daa42028c4035866540339b,solitary_vacuoles,26,33,20,14
85fcc6c7cbdad751bf2233a71f9e19ed,solitary_vacuoles,34,60,31,9
869c2363baf0807be6e183d00cb0c829,solitary_vacuoles,20,45,28,17
873e0ebaa76063dc35f74e8778ba948c,solitary_vacuoles,61,71,62,26
87530b5c3b8915cb5e2bd5bd8df3027a,solitary_vacuoles,24,42,28,17
87ea56a4e3a6f69d9356a8c79b7bb35b,solitary_vacuoles,23,27,20,18
881777b59d342b93f98ef09b9f0cf3bb,solitary_vacuoles,39,32,32,24
88b6ee92733c4fa308df919f631c7995,solitary_vacuoles,65,95,61,34
8acda4642ebd3df912ef40d4270c0f27,solitary_vacuoles,55,87,53,34
8b3a16af6384ead1e8a2a886456a7fcc,solitary_vacuoles,41,80,46,40
8bd34a2da038512338989e0676ea2269,solitary_vacuoles,49,72,39,26
8d01ef20722faac492b19ee1bdd5c04c,solitary_vacuoles,18,46,22,22
8d23564d904c6e7a2ac6154285276d6c,solitary_vacuoles,44,62,33,27
8e51af74184acf0e88535c75372d3618,solitary_vacuoles,41,49,40,25
8e5880edea9e0f77e3ebe36694f54f6a,solitary_vacuoles,47,73,45,20
8ea45523fdf2f26090dff7bbfdb8e728,solitary_vacuoles,46,68,49,42
8fcb059a54200cc478d5d56333a9bac4,solitary_vacuoles,40,73,34,26
8ff30f42bfd41cc79a97364ced75b7de,solitary_vacuoles,38,74,40,6
90dce2608a416590ef75a72b599879e8,solitary_vacuoles,27,74,23,35
91377cb9f98fdd31921aa65cb1a0b085,solitary_vacuoles,61,71,61,30
939fba3e8252ee7e379842ec9b2fee3e,solitary_vacuoles,73,77,67,29
93c96e62e529c9da831d933793bb4df6,solitary_vacuoles,55,83,66,11
95e0c6ee2385fa3269b6d3d05176bd8e,solitary_vacuoles,21,47,20,7
95ec656022bd3adc7fcca92d803cf905,solitary_vacuoles,27,46,28,15
9639e1d4310d6b7873628500618ec0fc,solitary_vacuoles,53,81,56,32
965019355f352e6e3ba97e27ac2f416c,solitary_vacuoles,70,88,72,23
96b1a8d0c88bd968992de9db7ef7f902,solitary_vacuoles,48,69,48,34
96d4d5f0bcab20ac78a30dcd23243bd4,solitary_vacuoles,28,47,27,20
972eff02d2e9dba3dc84793b0f8dedc3,solitary_vacuoles,62,75,63,50
97d7d755ae471928f56e2f33ddac9b37,solitary_vacuoles,50,62,59,20
98fe4be47023d16b3c81e7f0c20ca57e,solitary_vacuoles,19,47,12,13
9925e5baa533552bda885eb3aa1a07d2,solitary_vacuoles,23,61,22,31
996f1763824cc7c0efe916f8b397b4bc,solitary_vacuoles,20,45,17,13
9b1127872604680f7f645ce961a666c2,solitary_vacuoles,22,54,28,13
9b1a72c9eb362713b33deaa93619a857,solitary_vacuoles,13,39,12,9
9c3a5b8a1494811d754d5768669fa5d3,solitary_vacuoles,35,45,32,20
9e1d1513f72c880c47bfdc31bb4136d6,solitary_vacuoles,71,96,71,36
9eed1dea91150f78815df5be38dfe568,solitary_vacuoles,37,54,35,26
9f1c4e0e3f940b7ef675cf86b0d6f4c6,solitary_vacuoles,18,39,11,19
a00dc9372420d7b76a180f799938385f,solitary_vacuoles,26,36,33,19
a0fffc4295bd389c80d1dc4d17a0fd6f,solitary_vacuoles,55,68,49,27
a1117b4a6ed3185c7971e1589fa69fff,solitary_vacuoles,17,43,17,6
a19232606e77f690f29ff75d7b74f952,solitary_vacuoles,29,47,22,19
a1a5fffeb90bf8af1a3ce59392180233,solitary_vacuoles,21,36,18,19
a422faaf4ea0c5a188ba33f39ff93224,solitary_vacuoles,33,49,46,22
a46b0d94b2247c170eac9c04c037a521,solitary_vacuoles,28,43,32,19
a4919b6c4f1aa33ff8278bdb6747b007,solitary_vacuoles,81,74,73,36
a4a4aaef7fc20e4318a5ed0ef45fddb3,solitary_vacuoles,71,99,67,34
a4e654b77b90be0454252aed3201804f,solitary_vacuoles,20,64,17,25
a5f690e45b5830eaa4fc8f7160be3ddd,solitary_vacuoles,51,70,47,32
a671a05f18b7bfd364a27c09846a7b6b,solitary_vacuoles,53,74,50,29
a7578004a19383feb9d9310a6efc4559,solitary_vacuoles,61,88,71,35
a759a74e3c1b480ddfbec49a97737245,solitary_vacuoles,69,106,80,55
a78ea6551529349323089951234ff6f0,solitary_vacuoles,45,73,48,31
a7a95afb1366c995bc74ef702d625308,solitary_vacuoles,38,60,45,22
a7ebb13f8cf068e1b134b6a31f30c4b2,solitary_vacuoles,35,47,43,28
a9cb18f8ca05399f4a7fedfe13525ef9,solitary_vacuoles,65,74,66,26
aa4fb15387386212ff91b78b44a7edb1,solitary_vacuoles,57,91,52,55
aa52c51a567c08b48ccd653b12c80658,solitary_vacuoles,42,56,38,23
ab5630d9a8eddbd974a45334b41af196,solitary_vacuoles,54,75,71,75
abc20e64ddc4cd0484d3296337724a47,solitary_vacuoles,18,53,20,10
abecb41627fea2034f2e0be36e51c2c9,solitary_vacuoles,57,74,62,33
ad46fa2fae0da9c5433cc7664bb5bfc5,solitary_vacuoles,68,104,66,49
ad90a4891436a445f8048b2d9105cdbb,solitary_vacuoles,56,73,50,32
ae40dc2bb1157d1ef0fe1f31e3139ba9,solitary_vacuoles,22,39,18,14
b06c02639f1c3bc0140f3b70a72fd764,solitary_vacuoles,17,28,22,14
b108d3664fc9e28e0f177c1e7d10b3e9,solitary_vacuoles,36,52,28,12
b282269a5d54114560cb43b3ef1e042c,solitary_vacuoles,25,61,25,6
b4cb99b808855510aea9cc6c9dfba6a2,solitary_vacuoles,33,41,31,19
b62182194ef1fb78c956f624375a0a17,solitary_vacuoles,27,62,27,44
b66832e1ddb81e8aa165616c50f9e1e7,solitary_vacuoles,72,100,75,30
b7861dc5b57ee48852fe146697aa2ab7,solitary_vacuoles,22,42,24,8
b7d92cf8a01554b80208cdb29906775c,solitary_vacuoles,39,84,35,49
b87d9a823476e67176b0bf9e9e867834,solitary_vacuoles,49,86,26,28
b90bf5f3ce627b60cae9cef14f657ead,solitary_vacuoles,70,83,77,33
b92c9d43d608aed0b98f6c921455daba,solitary_vacuoles,15,36,19,7
ba53cebc20d069c245cb762f75226c4b,solitary_vacuoles,31,81,29,43
bb05e9607045e3bbfd208f6fb95dc1f8,solitary_vacuoles,55,69,60,24
bb7c015bdcf99c9c41b07d99c67935d6,solitary_vacuoles,32,73,31,30
bc0ec9ac483a50e711d0bc1ea1fe9844,solitary_vacuoles,41,58,43,11
bc183e1ed55b7d76ec39296db824e7d5,solitary_vacuoles,47,77,50,32
bc25a3d5ad6032ea167fa6f6ff7170d6,solitary_vacuoles,28,34,36,11
bca312bd452355dc8a7ff6853c939f92,solitary_vacuoles,42,58,46,30
bd172b63ac56c71532f73bf6281e9590,solitary_vacuoles,27,59,21,26
bdd8728bb9c00830c6c71fe843c715f6,solitary_vacuoles,70,87,68,38
be3d86af4865a379909e46ac523862e0,solitary_vacuoles,87,105,95,72
be5a900cfb77ecc5a2e8f830734da770,solitary_vacuoles,31,53,31,14
be72714c4d39c7872cb51629bf2b8412,solitary_vacuoles,17,41,21,5
bedae02a4c77aeeb1b41d3f627507573,solitary_vacuoles,34,62,28,27
bf38239c0514902445cd87e009f2439a,solitary_vacuoles,70,84,74,33
c1370d2a7e137c5479b3c9a7ba58804d,solitary_vacuoles,53,69,56,23
c25c8896f799ad96e6b2f93273347515,solitary_vacuoles,73,94,84,27
c33617b5ba6a3f1dfac52c69e6414c5a,solitary_vacuoles,47,60,50,25
c411760e2ad0c1b166287fe5fac5137b,solitary_vacuoles,69,86,73,36
c5a264b7bf48b57b0465b37f960639c5,solitary_vacuoles,18,27,17,12
c6ec195949af3b2b4a193a48a6c8644c,solitary_vacuoles,44,61,43,27
c76a6f9a58a91e2b5828307970153691,solitary_vacuoles,57,87,64,9
c7e7f5f5a7571c98eea3fe7fae5c27b8,solitary_vacuoles,49,70,48,28
c873c0716bdeb880d0119e13ebc21be1,solitary_vacuoles,35,33,27,8
c8de85115d9b4f5dacdf9dd050bd485a,solitary_vacuoles,13,38,20,13
c9173aa266046ec165a81d6d65e4de58,solitary_vacuoles,21,57,13,14
c94a8aba5c3492864c1d1e3f4863cfc3,solitary_vacuoles,29,87,26,37
ca883952a74ac398eaa51ea0a47ca1fb,solitary_vacuoles,41,72,41,14
cac06a2d0271c48ede30afc4a42139ab,solitary_vacuoles,21,55,28,19
cb3900e2bf236e5da0c3657c4712b9de,solitary_vacuoles,26,59,21,16
cbf4f7871cd79e6e114f6183ff79a890,solitary_vacuoles,54,64,58,22
ccf4800914ee6a8847a7d5d071d52b14,solitary_vacuoles,51,69,47,26
cd7947a3f6e3c79f5b3e944b4d409af6,solitary_vacuoles,49,71,48,32
cd8ee4eab6d675ab3da9fc3555aa5274,solitary_vacuoles,40,43,43,15
cf0884827b04727eafe469d7e6905368,solitary_vacuoles,66,69,75,21
cf2fe2e9b4dec18ac6350c45ca5634da,solitary_vacuoles,74,79,71,41
cf7acb73f5f81fd62b16af6c31e4450f,solitary_vacuoles,53,49,50,6
cfe4f3796615d9b35d6b984a970a03e7,solitary_vacuoles,24,83,28,12
d0f772ef946bc3fad341b017b5e1ae92,solitary_vacuoles,73,114,80,55
d16619ec66bc0313bde761660aea87a9,solitary_vacuoles,52,72,52,40
d22f67b853ee89a59034da70425d6e14,solitary_vacuoles,53,77,56,10
d347c188d9671cff5410f6305e9dc32d,solitary_vacuoles,35,60,33,23
d4c653520ab4ddbb654ade9fce2ea02e,solitary_vacuoles,60,80,61,40
d4ea81b4042211536a5e82fef221f3db,solitary_vacuoles,69,80,78,28
d5973a0e7d761f0f05c2292374ca290e,solitary_vacuoles,48,61,41,21
d5c5b3ed03c830268ae490260b209c42,solitary_vacuoles,37,56,44,21
d669786eeb39b09294368fd6f52d8879,solitary_vacuoles,40,64,45,6
d6de066e6767049f3477f0a1994afb5b,solitary_vacuoles,32,46,33,13
d735eed6e1abda2eeba21ba1c8afbe79,solitary_vacuoles,34,57,34,28
d75aeb54e50c1a336a04a2daae112856,solitary_vacuoles,34,45,33,25
d7afd932c63121300ea956c208c8e7f0,solitary_vacuoles,20,52,19,7
d7c660d80947f5169d0bf1cf91bcd45e,solitary_vacuoles,73,108,71,46
d7c76c60ad81b102f8a6f6e815f54c83,solitary_vacuoles,18,49,11,15
d8441ade7edb40218b73ef3804c34ac2,solitary_vacuoles,28,44,31,19
d8e4a29b35cbc9ba6eb8b20c793ea258,solitary_vacuoles,76,91,79,27
daa964237f016ac8936ef3fef2b0c171,solitary_vacuoles,84,99,90,58
dc0e6073d6ac5b87fe3205f4fb1daf64,solitary_vacuoles,43,63,35,24
de0563194d2b6bbb58e5fcefa3057990,solitary_vacuoles,10,36,11,16
de3ffaf9c74108842de4092ac15fb921,solitary_vacuoles,42,56,23,20
de555dad704b45479a30820b3e57e835,solitary_vacuoles,51,75,45,28
deb5f6aacf2a2e010dc21ac12c779238,solitary_vacuoles,34,44,36,21
dec2e4d7b78237aee920649d074d145e,solitary_vacuoles,22,33,29,12
ded089e9be0dfee7f6499ee0a46cd08f,solitary_vacuoles,48,70,51,17
df5d09164dc853718ec033e8ac5df1f6,solitary_vacuoles,37,63,36,26
e03210173b4ba45ad7e7cebbb31f26a1,solitary_vacuoles,29,54,39,10
e033944adac710ea22713ed36a6d4367,solitary_vacuoles,46,76,51,38
e0a141c3a4167b868e3d514a90121dad,solitary_vacuoles,18,60,14,25
e10147cfd83fd45509e0178d813f34ea,solitary_vacuoles,28,61,28,14
e163da5457cc7ad49b434173ea45a4c6,solitary_vacuoles,20,38,21,16
e17b6fb0c5c80d26e1c46afeaa50ee1f,solitary_vacuoles,18,32,15,12
e419884f4fd1d97651256ed545646475,solitary_vacuoles,53,71,61,38
e5948fed5369cc064ea48d3414bf2251,solitary_vacuoles,25,45,20,3
e5c700331b5975ebcb49f2a578bc277b,solitary_vacuoles,35,62,33,27
e61e7a9b83da8b28bd23d5d624a50bed,solitary_vacuoles,50,70,47,19
e673265b32e8c066882f4b247ad44b04,solitary_vacuoles,19,60,26,38
e74d3b9bdbfb6241c2c97a8eb2c78438,solitary_vacuoles,30,38,37,17
e7cd11b9c75fbfcf6024b27d57967026,solitary_vacuoles,54,72,44,39
e8f34293edd24eef4be15072778aafc0,solitary_vacuoles,26,55,26,23
e9083517e603c7bcf235d9034d2bc1fa,solitary_vacuoles,42,55,45,14
e90ae446b0cfc78d9d5e882e6f53549f,solitary_vacuoles,51,68,62,16
ea3bed39031484ecedd6061bfa097532,solitary_vacuoles,55,81,58,38
ea84cc771f7395c7e98dc5bdb9748c14,solitary_vacuoles,12,39,10,10
eadba94638cf6379683e88440a2f18d7,solitary_vacuoles,69,76,80,44
eb1cc65404afc6f71614c2ef03344ab4,solitary_vacuoles,52,67,54,24
eb46d3326cc3bf8b0899ba3d31a3bb3f,solitary_vacuoles,55,60,47,22
ebf9b3187eb7bc8190d54e1a4a4429c3,solitary_vacuoles,55,71,62,23
ed3e074e4f28a81220c09677d4eaf467,solitary_vacuoles,33,61,27,25
ed4884091ffbe72f10b3505e5a852a3e,solitary_vacuoles,56,75,61,36
ee2c78d1e63682d35bef214ead561d8c,solitary_vacuoles,15,22,20,40
eedb443262d9e751f9ae34d1967a32f9,solitary_vacuoles,61,84,62,38
ef36037559283dd433a98465914330cd,solitary_vacuoles,22,60,21,20
eff18105dfbc67bfddf1a1ccd82c3f0c,solitary_vacuoles,34,39,34,5
f17f279c3e23fc29e07345cf93e4d0b1,solitary_vacuoles,52,67,45,25
f2ee2b925008208b07670bc910994489,solitary_vacuoles,25,39,37,21
f321960013b15af2180371bc9abca605,solitary_vacuoles,86,101,102,40
f3e975567a2bb503bb52cb1b1df36e36,solitary_vacuoles,80,108,89,49
f3e9b9de6daab7294dceaa01fa164755,solitary_vacuoles,21,67,28,18
f3f31db8976e29ac183b28f3e984623f,solitary_vacuoles,42,86,40,15
f559be1b45a3dd283748fb1a147b07d4,solitary_vacuoles,33,52,38,23
f5a9ec802c4fb9d7de79d78738bcac9c,solitary_vacuoles,35,49,39,10
f61165901410eaa309d7f4858305d112,solitary_vacuoles,27,66,28,15
f643c6a9cfef9983d02b020bd9155904,solitary_vacuoles,15,31,15,12
f678d35df7d780b55581fdf5849d1e5b,solitary_vacuoles,26,58,26,20
f683095eec7e96f39dd0d0990311f3dc,solitary_vacuoles,29,37,30,12
f75ebd00df3e671806d020c60d3f40e8,solitary_vacuoles,47,66,46,29
f7b174bfaefa35f439ff1e3efd94cf9c,solitary_vacuoles,33,54,36,33
f9d87bb13c28138d4b0348eeba9b3b17,solitary_vacuoles,50,63,53,20
fabb284e441470006c5a44701b288c15,solitary_vacuoles,60,73,60,20
fefb1b4666b74387083061a0332580f8,solitary_vacuoles,31,60,15,38
ff1b5b99d0ceb3611a09410f87cd6a82,solitary_vacuoles,24,48,25,5
